{
  "books": [
    {
      "id": "1",
      "content": "apples"
    },
    {
      "id": "2",
      "content": "bananas"
    },
    {
      "id": "3",
      "content": "cucumbers"
    },
    {
      "id": "4",
      "content": "ups and downs"
    },
    {
      "id": "5",
      "content": "pineappletrees"
    },
    {
      "id": "6",
      "content": "pineappletrees"
    },
    {
      "id": "7",
      "content": "pineappletrees"
    },
    {
      "id": "8",
      "content": "pineappletrees"
    },
    {
      "id": "9",
      "content": "pineappletrees"
    },
    {
      "id": "10",
      "content": "pineappletrees"
    },
    {
      "id": "11",
      "content": "pineappletrees"
    },
    {
      "id": "12",
      "addbook": "addbookwww"
    },
    {
      "id": "13",
      "addbook": "addbookwww"
    },
    {
      "id": "14",
      "addbook": "addbookwww"
    },
    {
      "id": "15",
      "addbook": "addbookwww"
    },
    {
      "id": "16",
      "addbook": "addbookwww"
    },
    {
      "id": "17",
      "content": "addbook"
    },
    {
      "id": "18",
      "content": "qqqqqqq"
    }
  ]
}